customer_id,home_city,avg_spend,favorite_category,risk_profile
1,Rawalpindi,53.44227993832054,electronics,high
2,Lahore,36.70791597453382,clothing,low
3,Karachi,47.231799816155856,fuel,high
4,Karachi,70.20922622789277,electronics,medium
5,Rawalpindi,40.54679414461921,entertainment,medium
6,Lahore,30.409655886115708,utilities,low
7,Faisalabad,43.592120340323284,grocery,high
8,Lahore,39.157188015235256,electronics,high
9,Karachi,33.23504079746307,fuel,low
10,Multan,39.27354996714739,utilities,low
11,Lahore,47.560738334178744,entertainment,medium
12,Karachi,26.364370455455205,entertainment,low
13,Faisalabad,34.63876252459801,fuel,low
14,Faisalabad,50.31510440500485,utilities,low
15,Islamabad,29.727765681363874,grocery,medium
16,Karachi,41.655079923245516,online_retail,medium
17,Islamabad,60.95233234273705,clothing,medium
18,Karachi,44.34619603011063,fuel,high
19,Islamabad,13.614312737979256,electronics,low
20,Lahore,24.83146923479665,online_retail,medium
21,Lahore,18.206376167933662,pharmacy,low
22,Islamabad,43.38400377193854,utilities,low
23,Islamabad,25.604456120188644,grocery,low
24,Rawalpindi,56.93154623040184,travel,low
25,Multan,52.83039829965134,electronics,low
26,Faisalabad,81.18448007975982,electronics,low
27,Multan,13.263548132583816,clothing,high
28,Rawalpindi,73.43423680320956,utilities,low
29,Islamabad,72.33193323546388,utilities,high
30,Karachi,88.94987209003376,electronics,low
31,Lahore,48.86870593102213,fuel,low
32,Islamabad,42.170319359404374,electronics,medium
33,Karachi,33.11377789111164,electronics,high
34,Faisalabad,14.342480008600356,clothing,low
35,Faisalabad,44.84577167990532,pharmacy,medium
36,Karachi,66.87344912223034,pharmacy,medium
37,Islamabad,48.605198902589244,fuel,low
38,Rawalpindi,23.877835068650132,clothing,low
39,Rawalpindi,31.818629437096895,electronics,low
40,Multan,80.01499931886705,restaurant,low
41,Multan,33.266365041032955,fuel,high
42,Karachi,18.707855787807183,travel,low
43,Faisalabad,66.85558460544671,clothing,low
44,Rawalpindi,25.863372763119052,entertainment,medium
45,Karachi,36.51836594878515,pharmacy,low
46,Lahore,24.151796417695497,fuel,low
47,Lahore,52.28305416000591,pharmacy,low
48,Faisalabad,30.12544213022367,clothing,low
49,Lahore,37.973600846105576,fuel,low
50,Multan,4.704315777531171,pharmacy,medium
51,Karachi,88.32097422934507,travel,low
52,Faisalabad,60.60807390741697,travel,low
53,Karachi,26.671477616821814,clothing,low
54,Karachi,53.910432433132705,fuel,low
55,Rawalpindi,54.84421487556002,entertainment,high
56,Multan,30.641550975625748,clothing,low
57,Rawalpindi,64.89552476265938,utilities,low
58,Faisalabad,24.823381261525903,utilities,low
59,Faisalabad,33.74562984662302,pharmacy,low
60,Karachi,23.718245119921384,restaurant,low
61,Multan,32.61838955295357,travel,medium
62,Lahore,42.985718354712915,grocery,high
63,Lahore,46.70946911588866,restaurant,low
64,Rawalpindi,62.36948648567392,restaurant,low
65,Rawalpindi,33.40657343553677,online_retail,medium
66,Multan,72.17976144261536,electronics,medium
67,Faisalabad,45.802881969725426,online_retail,low
68,Multan,64.55447635104684,travel,high
69,Multan,20.392556079198567,clothing,low
70,Multan,18.74219673583077,grocery,low
71,Rawalpindi,15.464940207911674,electronics,low
72,Rawalpindi,39.383774024152146,entertainment,low
73,Islamabad,57.63375175023715,pharmacy,high
74,Lahore,171.59102113113406,clothing,low
75,Faisalabad,8.846339954546771,restaurant,low
76,Faisalabad,22.62715110197594,grocery,high
77,Rawalpindi,154.28426764034694,clothing,low
78,Multan,39.24093534027518,restaurant,high
79,Multan,56.785982952583616,electronics,high
80,Rawalpindi,32.04791207093497,clothing,low
81,Rawalpindi,91.09955381740143,entertainment,high
82,Multan,71.4661234021371,fuel,low
83,Karachi,32.190952826774996,pharmacy,low
84,Karachi,57.6610121344619,entertainment,low
85,Multan,18.945958189064953,grocery,low
86,Multan,65.40224689359232,pharmacy,high
87,Faisalabad,72.21266247326251,grocery,low
88,Lahore,47.93049665128817,pharmacy,low
89,Islamabad,46.63683844858606,fuel,medium
90,Lahore,55.676784070627626,fuel,medium
91,Multan,74.76128311890196,electronics,medium
92,Lahore,12.658055369484716,travel,low
93,Lahore,111.72836023549307,entertainment,high
94,Karachi,43.78355660974602,restaurant,low
95,Rawalpindi,43.55173775641131,travel,low
96,Multan,41.59528243761544,restaurant,medium
97,Islamabad,18.982537648996445,entertainment,medium
98,Multan,31.158230523475336,online_retail,low
99,Karachi,51.717228793517194,entertainment,medium
100,Rawalpindi,15.754803636346743,fuel,low
101,Rawalpindi,8.369442856720347,clothing,high
102,Faisalabad,36.766862228756146,pharmacy,low
103,Faisalabad,23.541449265895704,entertainment,low
104,Faisalabad,12.791933704993207,electronics,low
105,Karachi,32.1700324643284,fuel,high
106,Lahore,47.013777691406375,pharmacy,high
107,Lahore,124.03048855230173,utilities,low
108,Multan,24.637729352000235,fuel,low
109,Multan,16.12613864922452,fuel,medium
110,Lahore,51.885931237387275,electronics,low
111,Rawalpindi,62.133008043678466,grocery,high
112,Karachi,15.926151969442941,electronics,low
113,Lahore,37.479987341685806,pharmacy,high
114,Lahore,32.56851520395315,entertainment,low
115,Karachi,54.27543577112931,clothing,low
116,Rawalpindi,108.51412352469112,travel,low
117,Karachi,51.01840208560353,entertainment,low
118,Karachi,56.812683699347176,utilities,low
119,Multan,70.99618900090606,travel,low
120,Karachi,51.957923472516626,travel,low
121,Faisalabad,74.78643575664836,fuel,high
122,Lahore,29.228806272768274,electronics,low
123,Rawalpindi,45.303627093878745,online_retail,low
124,Islamabad,39.30785039706171,online_retail,low
125,Faisalabad,10.966572099003718,travel,high
126,Rawalpindi,37.83385525912233,grocery,medium
127,Rawalpindi,28.844049223741923,electronics,low
128,Lahore,105.5344645872056,online_retail,medium
129,Rawalpindi,97.23115178030517,pharmacy,high
130,Lahore,61.7999490427296,fuel,low
131,Karachi,18.48883892287033,fuel,low
132,Multan,32.534829903332685,travel,high
133,Karachi,48.477429700044304,online_retail,low
134,Karachi,36.896095400553,clothing,high
135,Faisalabad,45.15233542344026,fuel,high
136,Lahore,23.348764821970395,travel,low
137,Multan,102.9021324604673,electronics,low
138,Lahore,50.75118334501995,entertainment,medium
139,Lahore,41.37673399415189,electronics,low
140,Karachi,41.49361360163657,restaurant,low
141,Faisalabad,29.535794535372062,travel,low
142,Faisalabad,45.95752624551628,fuel,high
143,Faisalabad,75.46177263134452,grocery,low
144,Karachi,29.4090382330285,online_retail,medium
145,Lahore,24.856432809057203,online_retail,low
146,Islamabad,34.99612397431055,travel,low
147,Islamabad,39.53600567931631,online_retail,medium
148,Rawalpindi,20.12567671380405,entertainment,medium
149,Rawalpindi,79.91411183897691,travel,low
150,Karachi,62.00920075872943,fuel,low
151,Islamabad,41.42286988238796,fuel,low
152,Lahore,22.681642327549774,utilities,high
153,Rawalpindi,45.744038026019695,entertainment,low
154,Lahore,40.30924308761861,pharmacy,low
155,Lahore,125.64979195176811,grocery,low
156,Multan,50.798387547122644,travel,low
157,Multan,37.343798664871436,entertainment,low
158,Karachi,68.99708528285038,grocery,low
159,Multan,15.175871815082115,electronics,high
160,Karachi,27.821475259913857,electronics,low
161,Multan,48.9688430476985,electronics,medium
162,Rawalpindi,105.80347592627878,fuel,high
163,Faisalabad,37.06705774520266,electronics,low
164,Multan,58.092838465363705,fuel,low
165,Multan,16.77892856432265,utilities,low
166,Lahore,44.82589360216069,utilities,low
167,Lahore,83.91271232075678,online_retail,low
168,Rawalpindi,25.588738596948282,utilities,high
169,Multan,45.599289247866544,entertainment,high
170,Islamabad,29.269703644250285,clothing,high
171,Karachi,93.21915327633064,pharmacy,low
172,Karachi,56.602956548051,clothing,low
173,Faisalabad,14.969625965997299,restaurant,low
174,Rawalpindi,54.602814166217115,clothing,low
175,Faisalabad,33.78218127756462,pharmacy,low
176,Lahore,114.68848581036679,grocery,low
177,Faisalabad,100.24304226230251,utilities,high
178,Multan,88.6835114172131,electronics,medium
179,Lahore,65.58524940196953,entertainment,low
180,Karachi,10.817885931818529,entertainment,low
181,Islamabad,86.83456581387937,restaurant,low
182,Islamabad,29.223208073303592,electronics,low
183,Karachi,82.39927121020644,pharmacy,high
184,Islamabad,11.101947312366175,restaurant,low
185,Faisalabad,38.654734237666304,entertainment,low
186,Rawalpindi,74.28330321825042,clothing,low
187,Multan,14.064898626790004,entertainment,low
188,Lahore,49.66851935944712,entertainment,low
189,Islamabad,21.11214908536799,electronics,low
190,Karachi,52.58712357301322,clothing,low
191,Lahore,40.37013632259939,electronics,high
192,Rawalpindi,16.121174471268052,entertainment,low
193,Karachi,15.838012646671164,clothing,medium
194,Islamabad,27.913318726097206,utilities,high
195,Karachi,17.247896915477227,pharmacy,low
196,Karachi,53.97517168145918,clothing,low
197,Multan,77.35785685319047,travel,high
198,Islamabad,44.612753052019855,grocery,low
199,Lahore,23.85719526619232,online_retail,low
200,Islamabad,64.68939971217327,grocery,low
201,Lahore,20.352657038408772,pharmacy,high
202,Karachi,31.851634536392698,clothing,low
203,Karachi,66.4073952156508,travel,medium
204,Multan,26.160586708002345,online_retail,low
205,Multan,18.92591481673199,grocery,low
206,Lahore,71.81870322469395,electronics,medium
207,Rawalpindi,58.24189816348899,restaurant,low
208,Multan,115.86558691417008,grocery,low
209,Islamabad,84.65855008732206,utilities,medium
210,Multan,67.2459357204806,restaurant,high
211,Faisalabad,107.36867076844604,restaurant,low
212,Lahore,31.784055323654613,clothing,medium
213,Islamabad,34.43790985652499,grocery,low
214,Islamabad,41.20034290558608,fuel,medium
215,Rawalpindi,22.903157925780885,fuel,low
216,Rawalpindi,62.88674685986072,electronics,low
217,Islamabad,43.66322120670429,entertainment,low
218,Faisalabad,55.537947225737625,utilities,low
219,Rawalpindi,64.03071535275879,restaurant,medium
220,Karachi,21.59876017624873,restaurant,medium
221,Karachi,57.770830686767155,online_retail,low
222,Lahore,34.99555293255083,restaurant,medium
223,Rawalpindi,43.48956460761839,pharmacy,low
224,Faisalabad,36.47047091818896,fuel,low
225,Islamabad,30.826410202212784,restaurant,high
226,Rawalpindi,27.359474321730378,electronics,low
227,Faisalabad,46.737279404410394,grocery,low
228,Faisalabad,131.74118146103496,fuel,low
229,Karachi,26.94639502307759,travel,medium
230,Islamabad,44.30320502578021,clothing,low
231,Karachi,42.22989427806085,fuel,medium
232,Lahore,37.13549954864198,fuel,medium
233,Faisalabad,42.85096386461866,pharmacy,high
234,Islamabad,27.527669716960453,electronics,medium
235,Islamabad,25.534979084063636,pharmacy,low
236,Rawalpindi,77.22784968389443,entertainment,low
237,Faisalabad,30.81374439859565,entertainment,low
238,Islamabad,40.45285461817226,grocery,low
239,Lahore,96.71926535342486,clothing,low
240,Karachi,66.08328644779749,utilities,low
241,Islamabad,42.3882267997193,grocery,low
242,Lahore,13.61354549250331,utilities,high
243,Faisalabad,75.0660318052944,pharmacy,low
244,Rawalpindi,29.209688390772055,pharmacy,high
245,Faisalabad,50.72930149697498,utilities,low
246,Multan,41.77874097188569,electronics,low
247,Faisalabad,29.403537025452795,utilities,high
248,Karachi,33.74691655347102,clothing,high
249,Lahore,20.496185494497798,online_retail,medium
250,Lahore,68.55908134701676,entertainment,low
251,Multan,68.90018676355557,fuel,low
252,Islamabad,23.882241634608814,online_retail,low
253,Lahore,16.602158594258135,pharmacy,low
254,Multan,44.58704306924629,pharmacy,medium
255,Rawalpindi,145.98152858427594,electronics,medium
256,Rawalpindi,101.46013852193303,clothing,low
257,Multan,56.270805843971004,clothing,low
258,Rawalpindi,26.515684640080032,online_retail,low
259,Islamabad,29.05118359719279,online_retail,low
260,Rawalpindi,11.216126474753288,clothing,low
261,Multan,90.38120227622173,restaurant,low
262,Karachi,64.71790122977006,online_retail,low
263,Rawalpindi,5.830613068741602,online_retail,low
264,Rawalpindi,32.32586475863533,restaurant,medium
265,Multan,96.39239290807897,utilities,low
266,Islamabad,38.68473802373689,online_retail,low
267,Multan,19.899324688511797,grocery,low
268,Islamabad,54.03742008960777,clothing,medium
269,Karachi,15.341067342657675,online_retail,high
270,Multan,43.75901525542514,utilities,low
271,Rawalpindi,45.05089797158915,pharmacy,high
272,Faisalabad,36.56708266083415,travel,high
273,Faisalabad,141.74709478659284,fuel,low
274,Multan,18.548345472804222,travel,low
275,Rawalpindi,12.954709066835212,restaurant,low
276,Rawalpindi,155.01405099922337,electronics,low
277,Islamabad,27.643054394140325,entertainment,low
278,Rawalpindi,34.8155009271447,utilities,low
279,Islamabad,31.77421902184226,electronics,low
280,Karachi,38.319503491336576,clothing,low
281,Karachi,11.966195436608201,fuel,high
282,Karachi,48.947328436214114,grocery,low
283,Lahore,28.478443254446095,fuel,low
284,Faisalabad,53.22448892068216,utilities,low
285,Lahore,33.6172896527967,travel,low
286,Faisalabad,19.285374833537468,utilities,low
287,Karachi,48.53220990350468,online_retail,low
288,Faisalabad,16.5142831374554,online_retail,high
289,Karachi,16.645175821746626,restaurant,medium
290,Rawalpindi,23.151400200023716,grocery,high
291,Lahore,78.96810810004565,online_retail,medium
292,Karachi,6.915161633583284,restaurant,low
293,Rawalpindi,28.081899216573397,entertainment,low
294,Faisalabad,50.59497884437587,grocery,low
295,Multan,125.79261547983899,fuel,low
296,Lahore,3.218540671098488,travel,low
297,Karachi,44.33300346426472,travel,low
298,Rawalpindi,35.66047764333524,entertainment,low
299,Multan,11.88890682894356,utilities,low
300,Islamabad,55.097790358293615,travel,medium
301,Multan,46.60488791863182,entertainment,low
302,Faisalabad,69.22216768862245,entertainment,low
303,Faisalabad,36.25095615365856,restaurant,low
304,Rawalpindi,63.188910431658975,travel,low
305,Faisalabad,54.06705157966152,clothing,medium
306,Karachi,24.726455300356818,clothing,high
307,Multan,13.078280774649796,travel,low
308,Rawalpindi,23.456673677878243,fuel,low
309,Islamabad,36.95292599691141,travel,high
310,Lahore,55.19736373910461,clothing,low
311,Karachi,27.491713034256833,clothing,high
312,Islamabad,43.06366778241614,pharmacy,low
313,Multan,31.978828200798436,electronics,low
314,Karachi,46.2394464856923,restaurant,high
315,Karachi,26.524099661968464,online_retail,low
316,Rawalpindi,102.84612746846919,restaurant,medium
317,Rawalpindi,18.83336193197913,fuel,low
318,Lahore,67.36045858948238,online_retail,low
319,Faisalabad,38.20432216920992,pharmacy,low
320,Multan,57.210813429045736,travel,high
321,Faisalabad,63.12945433035781,grocery,low
322,Karachi,67.38718823602935,online_retail,medium
323,Faisalabad,51.47329012954827,utilities,high
324,Rawalpindi,45.306007193281566,grocery,high
325,Multan,23.101098611990597,online_retail,low
326,Faisalabad,57.05661786119733,grocery,low
327,Islamabad,83.28230214164422,clothing,low
328,Faisalabad,3.556190483245705,online_retail,high
329,Multan,45.691589966849456,entertainment,medium
330,Multan,29.381772166309975,fuel,low
331,Faisalabad,113.78363952839274,fuel,low
332,Islamabad,53.10014311196606,online_retail,low
333,Faisalabad,34.89188426876045,grocery,low
334,Faisalabad,69.6880856126303,pharmacy,high
335,Rawalpindi,60.142865918617304,online_retail,medium
336,Rawalpindi,41.16277026458222,restaurant,low
337,Faisalabad,28.765773693768516,restaurant,medium
338,Multan,30.049742823249467,entertainment,high
339,Lahore,87.20657873131445,online_retail,low
340,Multan,33.08456402763363,utilities,medium
341,Rawalpindi,23.347905446162535,grocery,high
342,Lahore,39.15639825229529,online_retail,medium
343,Karachi,46.015719604083195,travel,low
344,Karachi,26.12408010409159,grocery,low
345,Islamabad,63.03169096511813,online_retail,low
346,Islamabad,75.93955446261617,fuel,low
347,Faisalabad,94.29822314452075,pharmacy,low
348,Islamabad,26.59543810461127,online_retail,high
349,Islamabad,27.878109278736886,online_retail,low
350,Islamabad,137.89788386472318,electronics,low
351,Faisalabad,52.641267370667975,grocery,low
352,Rawalpindi,44.30120185953507,entertainment,low
353,Lahore,39.92625196360897,pharmacy,high
354,Karachi,129.98667824765218,electronics,low
355,Rawalpindi,67.6505818310661,grocery,low
356,Lahore,35.72842162298071,fuel,low
357,Karachi,10.503517309392391,grocery,low
358,Multan,53.740581168580604,restaurant,low
359,Karachi,35.28223449104937,restaurant,low
360,Faisalabad,39.19403281133654,electronics,medium
361,Multan,102.02584535157756,fuel,medium
362,Faisalabad,22.246213629641087,clothing,low
363,Islamabad,73.58369689273528,restaurant,low
364,Multan,43.33585362387502,utilities,medium
365,Rawalpindi,63.65149221983134,electronics,low
366,Karachi,53.75666907551316,clothing,low
367,Lahore,26.112290921746858,utilities,low
368,Lahore,52.96377572155264,clothing,low
369,Multan,31.597386335656523,online_retail,low
370,Faisalabad,22.85912205602137,fuel,high
371,Lahore,34.72198844842334,utilities,low
372,Rawalpindi,40.08370229603107,fuel,low
373,Lahore,33.45830782029692,clothing,high
374,Rawalpindi,22.051244377937163,utilities,low
375,Lahore,46.424865376890565,utilities,medium
376,Lahore,92.41675444856843,pharmacy,high
377,Multan,30.030899168703616,online_retail,low
378,Rawalpindi,44.94505653422735,pharmacy,low
379,Lahore,10.027797050807397,entertainment,low
380,Rawalpindi,68.59994693989576,pharmacy,high
381,Lahore,112.70545781101612,online_retail,medium
382,Faisalabad,24.476135462950268,electronics,low
383,Faisalabad,29.975690356227826,pharmacy,low
384,Rawalpindi,74.4342319747995,travel,low
385,Rawalpindi,37.29562283036735,restaurant,low
386,Faisalabad,16.872379779926987,restaurant,high
387,Rawalpindi,19.837248280783825,entertainment,medium
388,Rawalpindi,59.98088295244156,clothing,low
389,Multan,9.673532669164311,entertainment,low
390,Faisalabad,27.66315602340995,travel,low
391,Faisalabad,16.508500235512148,utilities,low
392,Islamabad,86.81098753395084,pharmacy,low
393,Karachi,48.99602114394647,electronics,low
394,Islamabad,52.2636589005317,travel,low
395,Karachi,26.097880953856063,travel,low
396,Multan,67.6292110682946,utilities,low
397,Rawalpindi,14.249600493635143,online_retail,low
398,Islamabad,56.76090555043591,grocery,high
399,Faisalabad,64.32699119070404,pharmacy,high
400,Karachi,26.049067471646236,travel,high
401,Karachi,35.90947118039018,pharmacy,low
402,Islamabad,25.400548596961766,pharmacy,low
403,Islamabad,67.7204886361033,utilities,medium
404,Rawalpindi,64.50771331489948,clothing,medium
405,Multan,54.283835666179215,grocery,medium
406,Multan,101.43560616339742,fuel,low
407,Lahore,34.245760954032896,fuel,medium
408,Rawalpindi,25.512467260444435,online_retail,low
409,Faisalabad,67.00813160505949,entertainment,medium
410,Karachi,55.11781990543567,travel,low
411,Rawalpindi,97.8381686745533,travel,low
412,Faisalabad,84.34566042825205,grocery,low
413,Lahore,79.68349515280431,clothing,low
414,Karachi,55.32540098021501,online_retail,medium
415,Rawalpindi,83.07658481727489,fuel,low
416,Islamabad,52.48005117379372,utilities,low
417,Islamabad,58.1364619049934,travel,low
418,Multan,91.98504460828761,entertainment,low
419,Islamabad,31.95238146812708,online_retail,high
420,Rawalpindi,8.061955489466946,entertainment,low
421,Islamabad,15.711321870881116,pharmacy,low
422,Rawalpindi,77.12273277273262,travel,low
423,Islamabad,14.955535083879836,clothing,low
424,Islamabad,29.473084361722314,fuel,low
425,Lahore,50.59747157199336,fuel,medium
426,Islamabad,58.03953646638226,electronics,medium
427,Rawalpindi,12.643844487040573,entertainment,medium
428,Rawalpindi,111.79585526461231,restaurant,low
429,Karachi,56.56375270460448,fuel,low
430,Rawalpindi,74.68627373733416,travel,medium
431,Islamabad,25.68518332940861,utilities,low
432,Multan,6.077704501784355,utilities,medium
433,Islamabad,48.46723331834349,electronics,medium
434,Karachi,33.27638904691344,clothing,low
435,Karachi,25.444405720604163,pharmacy,low
436,Karachi,47.13563923323033,clothing,low
437,Lahore,98.5097901157678,entertainment,low
438,Karachi,90.72163717450498,clothing,low
439,Lahore,109.34966701802819,grocery,high
440,Multan,27.219044880292824,clothing,low
441,Rawalpindi,15.905489478049915,restaurant,high
442,Rawalpindi,13.211487963396387,travel,low
443,Lahore,50.103797705974905,grocery,medium
444,Multan,51.48556182004483,clothing,medium
445,Faisalabad,38.271643313182715,travel,medium
446,Faisalabad,39.095155064226084,pharmacy,low
447,Karachi,36.87815828966419,grocery,high
448,Islamabad,19.627400473153955,travel,low
449,Lahore,66.90538977204592,electronics,low
450,Faisalabad,49.101622726004,travel,medium
451,Lahore,19.164650386523366,utilities,medium
452,Rawalpindi,42.29117777362214,grocery,low
453,Karachi,24.603294961613898,restaurant,high
454,Multan,53.701594829738596,clothing,high
455,Lahore,37.53335731392513,fuel,low
456,Lahore,39.34725836812951,entertainment,low
457,Faisalabad,73.65035626577554,utilities,high
458,Multan,76.69041164395054,utilities,low
459,Karachi,47.88039560553019,entertainment,low
460,Faisalabad,24.22275713806269,travel,low
461,Faisalabad,48.399254676906196,clothing,low
462,Multan,51.250543853042814,online_retail,low
463,Islamabad,11.296903623328827,utilities,low
464,Multan,21.21080868005083,grocery,low
465,Multan,62.63590375714321,electronics,low
466,Karachi,31.1577389581291,fuel,low
467,Islamabad,16.151512428814186,electronics,medium
468,Karachi,11.73523191752632,fuel,low
469,Karachi,26.30130823894963,entertainment,low
470,Lahore,15.55591168370249,restaurant,low
471,Lahore,40.06819260559803,online_retail,low
472,Faisalabad,94.26876943468572,utilities,high
473,Faisalabad,42.23533558331818,clothing,medium
474,Lahore,17.479380090485108,fuel,low
475,Islamabad,44.557713254970594,clothing,low
476,Rawalpindi,103.22963430482835,travel,high
477,Lahore,34.12425137878248,fuel,medium
478,Islamabad,50.39322779142647,utilities,low
479,Rawalpindi,39.18051288410251,fuel,medium
480,Faisalabad,20.945121348889344,electronics,high
481,Multan,44.570278896995575,fuel,medium
482,Rawalpindi,84.70292526876187,restaurant,low
483,Islamabad,26.966935150929803,restaurant,low
484,Lahore,12.361754352550756,grocery,medium
485,Karachi,42.63708027340441,clothing,low
486,Multan,15.413629529548071,utilities,low
487,Islamabad,36.57895803329096,travel,low
488,Lahore,62.84451668585917,travel,high
489,Rawalpindi,52.710147290539894,clothing,high
490,Rawalpindi,43.507889725607576,online_retail,low
491,Islamabad,55.9336730510926,entertainment,low
492,Multan,75.6986834156294,travel,low
493,Faisalabad,61.23491838234051,electronics,low
494,Multan,25.171917732400484,grocery,low
495,Faisalabad,56.160276969948605,pharmacy,low
496,Multan,59.107472972794966,clothing,low
497,Lahore,57.61927222739337,electronics,low
498,Karachi,51.01622016894605,utilities,high
499,Multan,78.11885983488516,grocery,low
500,Rawalpindi,94.39753030689016,clothing,high
501,Multan,37.87627480336573,grocery,low
502,Karachi,142.30478994411357,travel,low
503,Multan,14.133062722196868,travel,low
504,Islamabad,9.05643240712152,restaurant,medium
505,Multan,50.332565464736874,online_retail,high
506,Rawalpindi,77.33629816074539,travel,high
507,Lahore,18.641321070213728,travel,medium
508,Islamabad,24.984108660332154,online_retail,medium
509,Islamabad,46.00418827720733,pharmacy,low
510,Rawalpindi,12.711152620474834,electronics,medium
511,Karachi,17.603670501119893,pharmacy,medium
512,Faisalabad,16.755093154933014,travel,low
513,Islamabad,39.699998012256025,online_retail,medium
514,Multan,42.84251690567867,grocery,high
515,Faisalabad,54.70126383069477,electronics,low
516,Islamabad,21.420896748837443,clothing,low
517,Islamabad,5.730542071041777,electronics,low
518,Faisalabad,28.973907195370014,entertainment,high
519,Lahore,65.1601444411674,entertainment,high
520,Faisalabad,61.78743954050652,online_retail,low
521,Lahore,51.344746548951385,fuel,medium
522,Multan,48.798105177376975,pharmacy,low
523,Multan,25.51155732997837,travel,low
524,Rawalpindi,17.576946368510267,travel,low
525,Lahore,81.4365077558161,fuel,low
526,Islamabad,40.96700531348516,entertainment,low
527,Karachi,49.63181867618473,clothing,medium
528,Faisalabad,85.1103240161053,travel,low
529,Lahore,42.0380683743943,grocery,low
530,Rawalpindi,37.62627490610781,utilities,low
531,Karachi,25.76546786653283,restaurant,high
532,Islamabad,69.55286533661503,entertainment,low
533,Lahore,19.60270832676953,entertainment,low
534,Faisalabad,81.55442639256842,electronics,low
535,Karachi,8.556011740963827,electronics,low
536,Faisalabad,34.88859116400535,electronics,high
537,Rawalpindi,47.4476565587187,restaurant,high
538,Faisalabad,37.234164666247494,clothing,high
539,Multan,41.40374201980834,clothing,medium
540,Faisalabad,54.42820270634799,travel,medium
541,Faisalabad,21.120859305208633,fuel,high
542,Faisalabad,36.57337851403464,entertainment,low
543,Karachi,20.688875446234306,online_retail,low
544,Karachi,51.113979854558984,utilities,low
545,Multan,43.75322204806389,restaurant,low
546,Lahore,32.29821785020929,clothing,high
547,Faisalabad,31.662301058997514,pharmacy,medium
548,Multan,25.06548852125443,clothing,medium
549,Lahore,12.959097622783805,clothing,medium
550,Rawalpindi,66.77113204818686,clothing,low
551,Multan,14.991406874242722,utilities,medium
552,Rawalpindi,34.743128904231305,travel,high
553,Karachi,51.143295687037934,travel,low
554,Multan,37.557506991797055,travel,high
555,Islamabad,28.05626291276475,pharmacy,low
556,Multan,50.38521289574115,entertainment,low
557,Faisalabad,20.256478810991908,travel,high
558,Islamabad,39.246928470488896,fuel,high
559,Rawalpindi,17.315342387390974,fuel,medium
560,Multan,39.02604952057566,online_retail,low
561,Karachi,14.927547006018656,online_retail,high
562,Lahore,12.064659244225563,pharmacy,low
563,Rawalpindi,75.01284158898595,travel,high
564,Rawalpindi,18.34776516476976,online_retail,low
565,Faisalabad,119.52863703752284,restaurant,low
566,Faisalabad,26.92192337740072,grocery,low
567,Karachi,26.272948574527284,entertainment,low
568,Multan,44.26823221794401,pharmacy,medium
569,Lahore,112.36303027636806,travel,low
570,Lahore,43.43849433431602,entertainment,low
571,Faisalabad,23.387176485157937,grocery,low
572,Rawalpindi,80.99419063540464,restaurant,low
573,Faisalabad,19.445769521421276,restaurant,high
574,Lahore,54.63781532999123,travel,low
575,Islamabad,56.790790996752555,pharmacy,low
576,Multan,81.4792382181844,online_retail,medium
577,Rawalpindi,82.15160519391998,electronics,low
578,Islamabad,55.23030337660321,entertainment,low
579,Faisalabad,23.756868921396396,pharmacy,low
580,Rawalpindi,31.593557402334973,travel,high
581,Multan,41.012390220881834,grocery,low
582,Multan,63.95217005075206,electronics,low
583,Karachi,19.477617243338816,clothing,low
584,Karachi,8.580484115250888,electronics,medium
585,Faisalabad,29.28093452510781,electronics,low
586,Rawalpindi,32.417939779826455,electronics,low
587,Faisalabad,17.044869941570308,restaurant,medium
588,Rawalpindi,74.75828664141345,clothing,low
589,Lahore,16.647663965174463,grocery,medium
590,Islamabad,56.74156585448416,grocery,low
591,Islamabad,47.65676925111409,pharmacy,low
592,Islamabad,10.955501366620096,online_retail,medium
593,Karachi,28.398513151641975,fuel,medium
594,Multan,56.15062782202042,online_retail,low
595,Multan,63.084395070923264,restaurant,low
596,Karachi,64.71521067527833,restaurant,medium
597,Lahore,80.63957083483061,utilities,low
598,Faisalabad,58.859159947735456,utilities,low
599,Rawalpindi,54.71261514913893,fuel,low
600,Faisalabad,48.96528994075319,utilities,low
601,Karachi,15.94480817825865,fuel,low
602,Faisalabad,72.64042463990934,clothing,low
603,Faisalabad,59.28432898641327,clothing,low
604,Rawalpindi,6.590842278330509,grocery,medium
605,Faisalabad,23.68981654321639,clothing,low
606,Rawalpindi,58.07359012019686,entertainment,low
607,Karachi,37.457864157616925,electronics,low
608,Faisalabad,78.01988176775636,pharmacy,high
609,Multan,77.59019502709523,clothing,low
610,Rawalpindi,57.15999162603735,online_retail,high
611,Rawalpindi,30.646931614696836,clothing,medium
612,Faisalabad,17.488012914882386,clothing,low
613,Karachi,43.177990464154554,online_retail,medium
614,Faisalabad,25.4045717378006,electronics,low
615,Karachi,93.64936898945625,online_retail,low
616,Multan,91.77636937693339,pharmacy,low
617,Multan,35.97448226810394,clothing,high
618,Rawalpindi,29.8936304326221,clothing,low
619,Lahore,18.045437157075526,online_retail,low
620,Islamabad,35.44138041650617,grocery,medium
621,Multan,62.08262046560207,grocery,low
622,Multan,65.73490571581434,travel,medium
623,Islamabad,15.495616047427543,fuel,medium
624,Multan,39.613747789046116,pharmacy,low
625,Karachi,49.37391640331194,fuel,low
626,Multan,41.204170605029056,clothing,high
627,Rawalpindi,51.449938986062186,restaurant,low
628,Rawalpindi,45.03010375512622,electronics,low
629,Rawalpindi,53.94559852222117,grocery,high
630,Islamabad,28.318971249064766,travel,low
631,Lahore,45.252761544621166,utilities,low
632,Islamabad,31.42750324469919,restaurant,medium
633,Lahore,26.987873724552365,clothing,medium
634,Islamabad,52.616369506887054,online_retail,medium
635,Karachi,49.29830452048565,fuel,medium
636,Karachi,43.05068040540115,entertainment,medium
637,Islamabad,20.88608220714638,entertainment,low
638,Multan,20.89334384899448,clothing,low
639,Karachi,29.352791930347617,clothing,medium
640,Faisalabad,60.164939176226824,clothing,medium
641,Rawalpindi,71.73646597224588,pharmacy,low
642,Lahore,113.33715729845447,travel,low
643,Lahore,49.236550592559325,restaurant,high
644,Karachi,97.31426957283101,online_retail,medium
645,Multan,54.81323881963644,pharmacy,high
646,Lahore,79.26383745110577,online_retail,low
647,Lahore,22.788532975109568,clothing,low
648,Multan,56.90469595659894,electronics,medium
649,Faisalabad,23.285808552144637,pharmacy,medium
650,Rawalpindi,32.763919279539856,clothing,low
651,Multan,45.116806886589224,online_retail,high
652,Rawalpindi,75.24816795325387,pharmacy,medium
653,Lahore,33.188688679771815,fuel,low
654,Faisalabad,43.84815515684836,grocery,low
655,Multan,16.30834330709568,entertainment,low
656,Islamabad,38.596433522634506,utilities,low
657,Karachi,37.05799079029502,electronics,medium
658,Rawalpindi,74.15700193026744,travel,medium
659,Rawalpindi,41.799203116821154,clothing,low
660,Rawalpindi,39.46825431693826,online_retail,high
661,Lahore,29.302180482323607,restaurant,high
662,Lahore,20.89772903366261,grocery,medium
663,Islamabad,31.804010919996017,travel,low
664,Lahore,53.88030490554398,electronics,low
665,Karachi,65.7654058501364,entertainment,medium
666,Karachi,38.12351855223611,online_retail,medium
667,Faisalabad,6.658729210660808,pharmacy,high
668,Rawalpindi,19.589350973972724,entertainment,medium
669,Faisalabad,9.826498956792989,utilities,medium
670,Rawalpindi,45.118999440628166,restaurant,low
671,Faisalabad,61.82980853405642,electronics,low
672,Faisalabad,35.48292918075786,utilities,medium
673,Faisalabad,50.05096753659977,clothing,low
674,Lahore,18.3798794491981,pharmacy,low
675,Karachi,30.437533646313657,travel,medium
676,Faisalabad,42.23670946953656,fuel,high
677,Islamabad,114.77635685206533,electronics,low
678,Rawalpindi,19.13513145683812,pharmacy,low
679,Multan,46.85012930627235,pharmacy,high
680,Lahore,38.90717861035219,online_retail,medium
681,Islamabad,35.588805469285305,fuel,low
682,Lahore,69.32952274767463,travel,low
683,Lahore,101.95108700102419,fuel,high
684,Rawalpindi,45.74036283806411,utilities,medium
685,Lahore,47.01139860157728,grocery,low
686,Islamabad,47.923417163062865,fuel,low
687,Karachi,81.71390482515399,utilities,high
688,Karachi,37.177064481978746,electronics,low
689,Multan,41.733695960716574,fuel,medium
690,Multan,71.33810352449706,fuel,low
691,Karachi,27.68968850663348,pharmacy,low
692,Karachi,30.759572343197245,utilities,low
693,Lahore,109.00725500019747,clothing,medium
694,Karachi,11.961948999018624,restaurant,low
695,Multan,21.696217101488713,clothing,low
696,Karachi,48.482801783706016,electronics,medium
697,Rawalpindi,21.381200098709748,grocery,low
698,Karachi,53.65365308801146,grocery,low
699,Islamabad,43.17620053934545,fuel,high
700,Multan,108.77096488191394,pharmacy,high
701,Lahore,87.39495910924963,restaurant,low
702,Islamabad,28.651760221530623,grocery,low
703,Karachi,64.95486292920076,online_retail,low
704,Multan,49.09289722424625,electronics,medium
705,Rawalpindi,20.921224175152823,electronics,low
706,Faisalabad,33.01433364150766,travel,low
707,Islamabad,30.864210836457715,entertainment,low
708,Multan,38.37186236219598,electronics,low
709,Faisalabad,54.76506315491023,entertainment,high
710,Karachi,65.82142535745756,utilities,low
711,Lahore,65.95506631660623,entertainment,medium
712,Islamabad,28.434811662590093,travel,high
713,Rawalpindi,21.582345158630794,grocery,low
714,Lahore,42.29267692771395,travel,low
715,Faisalabad,61.17763892121304,online_retail,low
716,Rawalpindi,21.98726550363832,electronics,low
717,Faisalabad,68.0850779033108,travel,high
718,Lahore,98.23522718363394,electronics,medium
719,Islamabad,41.740574029873315,utilities,medium
720,Karachi,75.74350714023146,electronics,medium
721,Karachi,46.852836988553975,clothing,low
722,Multan,57.874389357927335,utilities,medium
723,Multan,38.171305970894686,pharmacy,low
724,Faisalabad,65.50635852268614,utilities,high
725,Multan,86.33578890138672,clothing,medium
726,Faisalabad,33.71085316749879,entertainment,medium
727,Multan,35.84452303634347,online_retail,low
728,Lahore,126.44598632958088,electronics,low
729,Rawalpindi,42.67969979078083,entertainment,high
730,Rawalpindi,26.80819166407599,fuel,medium
731,Faisalabad,39.09962879295612,travel,low
732,Karachi,34.845151420231,online_retail,low
733,Islamabad,7.720050695943589,travel,medium
734,Faisalabad,42.053525469714245,online_retail,low
735,Rawalpindi,13.866255144210799,electronics,low
736,Islamabad,29.25794300333707,online_retail,high
737,Islamabad,62.15966989330213,clothing,low
738,Islamabad,49.97341462503185,restaurant,high
739,Rawalpindi,35.7398036256937,travel,low
740,Lahore,32.68273432386856,electronics,low
741,Lahore,23.498111199154813,electronics,low
742,Faisalabad,38.451040109564964,electronics,high
743,Rawalpindi,27.213419038606588,pharmacy,medium
744,Karachi,55.9302386990669,entertainment,high
745,Lahore,49.151731600248006,utilities,low
746,Multan,29.295860413920764,entertainment,low
747,Islamabad,43.704496830006235,electronics,low
748,Faisalabad,63.589695935449626,pharmacy,medium
749,Rawalpindi,17.148467892997356,online_retail,low
750,Rawalpindi,74.63013728826935,grocery,medium
751,Islamabad,121.66491858343691,utilities,low
752,Islamabad,44.27503295046017,pharmacy,low
753,Lahore,51.83121390532829,utilities,high
754,Multan,45.280363987482005,fuel,medium
755,Karachi,61.61877999278221,travel,high
756,Karachi,18.01610193935154,electronics,medium
757,Islamabad,42.718520166727586,entertainment,low
758,Islamabad,35.61196631911211,electronics,low
759,Islamabad,23.970978739286206,utilities,low
760,Karachi,64.82644598630655,online_retail,low
761,Multan,80.54468287231245,utilities,low
762,Multan,42.0186638690994,entertainment,medium
763,Lahore,23.34441994922091,utilities,low
764,Rawalpindi,121.2400019752012,clothing,low
765,Lahore,14.843547976295838,restaurant,low
766,Islamabad,33.691117113108426,clothing,low
767,Islamabad,38.19298170361997,pharmacy,high
768,Lahore,30.89323355416675,restaurant,medium
769,Karachi,43.254389191902256,utilities,low
770,Rawalpindi,81.44578036775431,online_retail,low
771,Lahore,84.8517184581182,restaurant,low
772,Rawalpindi,78.02470690994465,grocery,low
773,Lahore,42.78541435504152,entertainment,low
774,Karachi,38.88450252980243,online_retail,low
775,Faisalabad,17.973841916429038,travel,high
776,Islamabad,30.234663684644907,restaurant,low
777,Islamabad,37.374742627597456,clothing,low
778,Rawalpindi,22.780986709744834,pharmacy,low
779,Multan,30.087900104857447,utilities,high
780,Lahore,14.526725762926233,grocery,medium
781,Karachi,22.38188487554647,restaurant,medium
782,Multan,42.37242897506339,grocery,medium
783,Rawalpindi,39.553331037813614,electronics,high
784,Islamabad,50.54080873609372,travel,low
785,Rawalpindi,30.29824553968053,online_retail,high
786,Faisalabad,70.54512891535114,utilities,low
787,Faisalabad,113.33659182365847,online_retail,low
788,Islamabad,42.12736588904862,fuel,low
789,Multan,47.622018912260394,electronics,high
790,Islamabad,17.456525016303097,online_retail,low
791,Lahore,57.534322738753765,clothing,low
792,Rawalpindi,26.022280807210734,utilities,low
793,Faisalabad,35.5286055190515,entertainment,medium
794,Rawalpindi,86.65951972258691,clothing,high
795,Lahore,13.072398752425865,fuel,high
796,Faisalabad,46.196414976672415,utilities,high
797,Lahore,28.071705350552044,grocery,medium
798,Karachi,38.810913798917454,clothing,medium
799,Karachi,28.497507018279496,restaurant,low
800,Islamabad,39.09190793757501,clothing,medium
